ID,Event_Card,Event_Weight,Red_Event_fighter_image,Red_Fighter_Name,Blue_Fighter_Name,Blue_Event_fighter_image
0, None, Heavyweight Bout , https://dmxg5wxfqgb4u.cloudfront.net/styles/event_fight_card_upper_body_of_standing_athlete/s3/2023-09/TUIVASA_TAI_L_09-09.png?itok=sq4zfwfK, Tai Tuivasa, Marcin Tybura, https://dmxg5wxfqgb4u.cloudfront.net/styles/event_fight_card_upper_body_of_standing_athlete/s3/2023-07/TYBURA_MARCIN_R_07-22.png?itok=8W25Wj7C
0, None, Welterweight Bout , https://dmxg5wxfqgb4u.cloudfront.net/styles/event_fight_card_upper_body_of_standing_athlete/s3/2023-05/BATTLE_BRYAN_L_05-13.png?itok=2gvn1YMC, Bryan Battle, Ange Loosa, https://dmxg5wxfqgb4u.cloudfront.net/styles/event_fight_card_upper_body_of_standing_athlete/s3/2022-04/1fb810cf-df10-4619-8bc6-e864e660815e%252FLOOSA_ANGE_R_04-16.png?itok=FqKQ46ve
0, None, Light Heavyweight Bout , https://dmxg5wxfqgb4u.cloudfront.net/styles/event_fight_card_upper_body_of_standing_athlete/s3/2023-02/SAINT_PREUX_OVINCE_L_02-18.png?itok=deYH3GC2, Ovince Saint Preux, Kennedy Nzechukwu, https://dmxg5wxfqgb4u.cloudfront.net/styles/event_fight_card_upper_body_of_standing_athlete/s3/2023-08/NZECHUKWU_KENNEDY_R_08-05.png?itok=W6cVIdRr
0, None, Lightweight Bout , https://dmxg5wxfqgb4u.cloudfront.net/styles/event_fight_card_upper_body_of_standing_athlete/s3/2023-01/MOISES_THIAGO_L_01-19.png?itok=_lFe9WBz, Thiago Moisés, Brad Riddell, https://dmxg5wxfqgb4u.cloudfront.net/styles/event_fight_card_upper_body_of_standing_athlete/s3/2022-07/bb770f50-42b5-4df8-8169-d17230919a9a%252FRIDDELL_BRAD_R_07-02.png?itok=bSbNrQ7R
0, None, Women's Bantamweight Bout , https://dmxg5wxfqgb4u.cloudfront.net/styles/event_fight_card_upper_body_of_standing_athlete/s3/2023-07/KIANZAD_PANNIE_L_07-22.png?itok=NI2ck85n, Pannie Kianzad, Macy Chiasson, https://dmxg5wxfqgb4u.cloudfront.net/styles/event_fight_card_upper_body_of_standing_athlete/s3/2022-09/CHIASSON_MACY_R_09-10.png?itok=cESbau9q
0, None, Middleweight Bout , https://dmxg5wxfqgb4u.cloudfront.net/styles/event_fight_card_upper_body_of_standing_athlete/s3/2023-04/MEERSCHAERT_GERALD_L_04-08.png?itok=IMgPrj8I, Gerald Meerschaert, Bryan Barberena, https://dmxg5wxfqgb4u.cloudfront.net/styles/event_fight_card_upper_body_of_standing_athlete/s3/2023-07/BARBERENA_BRYAN_R_07-22.png?itok=fsF_kX4G
0, None, Lightweight Bout , https://dmxg5wxfqgb4u.cloudfront.net/styles/event_fight_card_upper_body_of_standing_athlete/s3/2022-04/ec33ffaf-1ad4-428c-b4ea-2548c4fe74f1-LEVY_NATAN_L_11-20.png?itok=ZaaWcu_a, Natan Levy, Mike Davis, https://dmxg5wxfqgb4u.cloudfront.net/styles/event_fight_card_upper_body_of_standing_athlete/s3/2022-10/DAVIS_MIKE_R_10-01.png?itok=tw0Vqpbs
0, None, Women's Bantamweight Bout , https://dmxg5wxfqgb4u.cloudfront.net/styles/event_fight_card_upper_body_of_standing_athlete/s3/2023-01/NUNES_JOSIANE_L.png?itok=awVLzYv1, Josiane Nunes, Chelsea Chandler, https://dmxg5wxfqgb4u.cloudfront.net/styles/event_fight_card_upper_body_of_standing_athlete/s3/2023-07/CHANDLER_CHELSEA_R_07-15.png?itok=wYW2rjiH
0, None, Featherweight Bout , https://dmxg5wxfqgb4u.cloudfront.net/styles/event_fight_card_upper_body_of_standing_athlete/s3/2024-01/RODRIGUEZ_CHRISTIAN_L_10-14.png?itok=WGwKV1x7, Christian Rodriguez, Isaac Dulgarian, https://dmxg5wxfqgb4u.cloudfront.net/styles/event_fight_card_upper_body_of_standing_athlete/s3/2023-08/DULGARIAN_ISAAC_R_08-12.png?itok=2Md3mByg
0, None, Flyweight Bout , https://dmxg5wxfqgb4u.cloudfront.net/styles/event_fight_card_upper_body_of_standing_athlete/s3/2023-07/FILHO_JAFEL_L_07-22.png?itok=KXUFFAHK, Jafel Filho, Ode' Osbourne, https://dmxg5wxfqgb4u.cloudfront.net/styles/event_fight_card_upper_body_of_standing_athlete/s3/2022-08/OSBOURNE_ODE_R_08-13.png?itok=y94DWG7K
0, None, Featherweight Bout , https://dmxg5wxfqgb4u.cloudfront.net/styles/event_fight_card_upper_body_of_standing_athlete/s3/2023-02/CULIBAO_JOSH_L_02-11.png?itok=-bDupgpt, Josh Culibao, Danny Silva, https://www.ufc.com/themes/custom/ufc/assets/img/standing-stance-left-silhouette.png
0, None, Women's Strawweight Bout , https://dmxg5wxfqgb4u.cloudfront.net/styles/event_fight_card_upper_body_of_standing_athlete/s3/2023-04/AMORIM_JAQUELINE_L_04-08.png?itok=DlEk3fCa, Jaqueline Amorim, Cory McKenna, https://dmxg5wxfqgb4u.cloudfront.net/styles/event_fight_card_upper_body_of_standing_athlete/s3/2022-06/MCKENNA_CORY_R_03-19.png?itok=laKgpm8F
0, None, Bantamweight Bout , https://dmxg5wxfqgb4u.cloudfront.net/styles/event_fight_card_upper_body_of_standing_athlete/s3/2022-02/a33c33f5-029d-453b-81ad-8ba2a6c5db7f%252FANHELIGER_CHAD_R_02-19.png?itok=6f_3K-2n, Charalampos Grigoriou, Chad Anheliger, https://dmxg5wxfqgb4u.cloudfront.net/styles/event_fight_card_upper_body_of_standing_athlete/s3/2022-02/a33c33f5-029d-453b-81ad-8ba2a6c5db7f%252FANHELIGER_CHAD_R_02-19.png?itok=6f_3K-2n
1, main_card, Women's Flyweight Bout , https://dmxg5wxfqgb4u.cloudfront.net/styles/event_fight_card_upper_body_of_standing_athlete/s3/2023-06/RIBAS_AMANDA_L_06-24.png?itok=lL75F3nj, Amanda Ribas, Rose Namajunas, https://dmxg5wxfqgb4u.cloudfront.net/styles/event_fight_card_upper_body_of_standing_athlete/s3/2023-08/NAMAJUNAS_ROSE_R_09-02.png?itok=gHxmp9rq
1, main_card, Heavyweight Bout , https://dmxg5wxfqgb4u.cloudfront.net/styles/event_fight_card_upper_body_of_standing_athlete/s3/2023-05/WILLIAMS_KARL_L_05-13.png?itok=R52nPebO, Karl Williams, Junior Tafa, https://dmxg5wxfqgb4u.cloudfront.net/styles/event_fight_card_upper_body_of_standing_athlete/s3/2023-04/TAFA_JUINIOR_R_04-22.png?itok=Bt5MwZlP
1, main_card, Middleweight Bout , https://dmxg5wxfqgb4u.cloudfront.net/styles/event_fight_card_upper_body_of_standing_athlete/s3/2023-05/SHAHBAZYAN_EDMEN_L_05-20.png?itok=n9KI7LUc, Edmen Shahbazyan, Duško Todorović, https://dmxg5wxfqgb4u.cloudfront.net/styles/event_fight_card_upper_body_of_standing_athlete/s3/2023-03/TODOROVIC_DUSKO_R_03-18.png?itok=IyJG7C3x
1, main_card, Bantamweight Bout , https://dmxg5wxfqgb4u.cloudfront.net/styles/event_fight_card_upper_body_of_standing_athlete/s3/2023-11/TALBOTT_PAYTON_L_11-18.png?itok=HT9daebw, Payton Talbott, Cameron Saaiman, https://dmxg5wxfqgb4u.cloudfront.net/styles/event_fight_card_upper_body_of_standing_athlete/s3/2023-03/SAAIMAN_CAMERON_R_03-05.png?itok=aWwGKqK3
1, main_card, Featherweight Bout , https://dmxg5wxfqgb4u.cloudfront.net/styles/event_fight_card_upper_body_of_standing_athlete/s3/2023-08/QUARANTILLO_BILLY_L_08-05.png?itok=xyC9v73c, Billy Quarantillo, Gabriel Miranda, https://dmxg5wxfqgb4u.cloudfront.net/styles/event_fight_card_upper_body_of_standing_athlete/s3/2022-09/MIRANDA_GABRIEL_R_09-03.png?itok=8pDCm5PQ
1, main_card, Featherweight Bout , https://dmxg5wxfqgb4u.cloudfront.net/styles/event_fight_card_upper_body_of_standing_athlete/s3/2023-06/PADILLA_FERNANDO_L_04-29.png?itok=eCm0SzfE, Fernando Padilla, Luis Pajuelo, https://www.ufc.com/themes/custom/ufc/assets/img/standing-stance-left-silhouette.png
1, prelims, Lightweight Bout , https://dmxg5wxfqgb4u.cloudfront.net/styles/event_fight_card_upper_body_of_standing_athlete/s3/2023-08/HOLOBAUGH_KURT_L_08-19.png?itok=E2wSouM7, Kurt Holobaugh, Trey Ogden, https://dmxg5wxfqgb4u.cloudfront.net/styles/event_fight_card_upper_body_of_standing_athlete/s3/2023-04/OGDEN_TREY_R_04-08.png?itok=2O0xZAYe
1, prelims, Featherweight Bout , https://dmxg5wxfqgb4u.cloudfront.net/styles/event_fight_card_upper_body_of_standing_athlete/s3/2023-03/RAMOS_RICARDO_L_03-11.png?itok=jJ2epRB_, Ricardo Ramos, Julian Erosa, https://dmxg5wxfqgb4u.cloudfront.net/styles/event_fight_card_upper_body_of_standing_athlete/s3/2022-12/EROSA_JULIAN_R_12-17.png?itok=fAQpZ9yW
1, prelims, Bantamweight Bout , https://dmxg5wxfqgb4u.cloudfront.net/styles/event_fight_card_upper_body_of_standing_athlete/s3/2023-07/GRANT_DAVEY_L_07-22.png?itok=4oRTC5tM, Davey Grant, Cody Gibson, https://dmxg5wxfqgb4u.cloudfront.net/styles/event_fight_card_upper_body_of_standing_athlete/s3/2023-08/GIBSON_CODY_R_08-19.png?itok=u7DHGLH-
1, prelims, Women's Strawweight Bout , https://dmxg5wxfqgb4u.cloudfront.net/styles/event_fight_card_upper_body_of_standing_athlete/s3/2021-09/71763%252Fprofile-galery%252Ffullbodyright-picture%252FPOLASTRI_JULIA_R.png?itok=4-kPiEIZ, Stephanie Bruna, Julia Polastri, https://dmxg5wxfqgb4u.cloudfront.net/styles/event_fight_card_upper_body_of_standing_athlete/s3/2021-09/71763%252Fprofile-galery%252Ffullbodyright-picture%252FPOLASTRI_JULIA_R.png?itok=4-kPiEIZ
1, prelims, Featherweight Bout , https://dmxg5wxfqgb4u.cloudfront.net/styles/event_fight_card_upper_body_of_standing_athlete/s3/2022-09/ERRENS_JARNO_L_09-03.png?itok=SISodCPF, Jarno Errens, Steven Nguyen, https://www.ufc.com/themes/custom/ufc/assets/img/standing-stance-left-silhouette.png
1, prelims, Women's Bantamweight Bout , https://www.ufc.com/themes/custom/ufc/assets/img/silhouette-headshot-female.png, Montserrat Rendon, Dariya Zheleznykova, https://www.ufc.com/themes/custom/ufc/assets/img/silhouette-headshot-female.png
1, prelims, Heavyweight Bout , https://dmxg5wxfqgb4u.cloudfront.net/styles/event_fight_card_upper_body_of_standing_athlete/s3/2023-04/USMAN_MOHAMMAD_L_04-22.png?itok=re8DiJyk, Mohammed Usman, Mick Parkin, https://dmxg5wxfqgb4u.cloudfront.net/styles/event_fight_card_upper_body_of_standing_athlete/s3/2023-07/PARKIN_MICK_R_07-22.png?itok=NlSaUh5B
2, None, Women's Flyweight Bout , https://dmxg5wxfqgb4u.cloudfront.net/styles/event_fight_card_upper_body_of_standing_athlete/s3/2023-08/BLANCHFIELD_ERIN_L.png?itok=Ipa2FhRl, Erin Blanchfield, Manon Fiorot, https://dmxg5wxfqgb4u.cloudfront.net/styles/event_fight_card_upper_body_of_standing_athlete/s3/2022-10/FIOROT_MANON_R_10-22.png?itok=e78SGLzb
2, None, Welterweight Bout , https://dmxg5wxfqgb4u.cloudfront.net/styles/event_fight_card_upper_body_of_standing_athlete/s3/2023-08/LUQUE_VICENTE_L_08-12.png?itok=ZQLA-4oq, Vicente Luque, Joaquin Buckley, https://dmxg5wxfqgb4u.cloudfront.net/styles/event_fight_card_upper_body_of_standing_athlete/s3/2023-05/BUCKLEY_JOAQUIN_R_05-20.png?itok=7sd3mVPL
2, None, Middleweight Bout , https://dmxg5wxfqgb4u.cloudfront.net/styles/event_fight_card_upper_body_of_standing_athlete/s3/2023-08/WEIDMAN_CHRIS_L_08-19.png?itok=glMemug7, Chris Weidman, Bruno Silva, https://dmxg5wxfqgb4u.cloudfront.net/styles/event_fight_card_upper_body_of_standing_athlete/s3/2023-06/SILVA_BRUNO_R_06-24.png?itok=WeRhjeMI
2, None, Middleweight Bout , https://dmxg5wxfqgb4u.cloudfront.net/styles/event_fight_card_upper_body_of_standing_athlete/s3/image/fighter_images/SHADOW_Fighter_fullLength_RED.png?VersionId=0NwYm4ow5ym9PWjgcpd05ObDBIC5pBtX&itok=woJQm5ZH, Nursulton Ruziboev, Sedriques Dumas, https://dmxg5wxfqgb4u.cloudfront.net/styles/event_fight_card_upper_body_of_standing_athlete/s3/2023-06/DUMAS_SEDRIQUES_R_06-24.png?itok=DloyOAir
2, None, Featherweight Bout , https://dmxg5wxfqgb4u.cloudfront.net/styles/event_fight_card_upper_body_of_standing_athlete/s3/2023-04/ALGEO_BILL_L_04-15.png?itok=9BRzuXY8, Bill Algeo, Kyle Nelson, https://dmxg5wxfqgb4u.cloudfront.net/styles/event_fight_card_upper_body_of_standing_athlete/s3/2023-09/NELSON_KYLE_R_09-16.png?itok=T567SKC5
2, None, Welterweight Bout , https://dmxg5wxfqgb4u.cloudfront.net/styles/event_fight_card_upper_body_of_standing_athlete/s3/2023-08/NJOKUANI_CHIDI_L.png?itok=dnXWQUOj, Chidi Njokuani, Rhys McKee, https://dmxg5wxfqgb4u.cloudfront.net/styles/event_fight_card_upper_body_of_standing_athlete/s3/2023-08/MCKEE_RHYS_R_09-02.png?itok=x5ZXotFC
2, None, Featherweight Bout , https://dmxg5wxfqgb4u.cloudfront.net/styles/event_fight_card_upper_body_of_standing_athlete/s3/2023-06/SABATINI_PAT_L_06-17.png?itok=D_39mHJP, Pat Sabatini, Nate Landwehr, https://dmxg5wxfqgb4u.cloudfront.net/styles/event_fight_card_upper_body_of_standing_athlete/s3/2023-06/LANDWEHR_NATE_R_06-10.png?itok=8DBqfgtR
2, None, Women's Strawweight Bout , https://dmxg5wxfqgb4u.cloudfront.net/styles/event_fight_card_upper_body_of_standing_athlete/s3/2023-06/JANDIROBA_VIRNA_L_05-06.png?itok=bYZEAbMl, Virna Jandiroba, Loopy Godinez, https://dmxg5wxfqgb4u.cloudfront.net/styles/event_fight_card_upper_body_of_standing_athlete/s3/2023-11/GODINEZ_LOOPY_R_11-11.png?itok=SIh55rvz
2, None, Featherweight Bout , https://dmxg5wxfqgb4u.cloudfront.net/styles/event_fight_card_upper_body_of_standing_athlete/s3/2021-07/68407%252Fprofile-galery%252Ffullbodyleft-picture%252FARCE_JULIO_L_07-24.png?itok=JG3qoufA, Julio Arce, Herbert Burns, https://dmxg5wxfqgb4u.cloudfront.net/styles/event_fight_card_upper_body_of_standing_athlete/s3/2022-07/BURNS_HERBERT_R_07-16.png?itok=7xWBCQpj
2, None, Featherweight Bout , https://dmxg5wxfqgb4u.cloudfront.net/styles/event_fight_card_upper_body_of_standing_athlete/s3/2023-11/BUZUKJA_DENNIS_L_11-11.png?itok=1kTsbPVO, Dennis Buzukja, Connor Matthews, https://dmxg5wxfqgb4u.cloudfront.net/styles/event_fight_card_upper_body_of_standing_athlete/s3/2022-07/MATTHEWS_CONNOR_R_CS.png?itok=3hMBxz6v
2, None, Light Heavyweight Bout , https://dmxg5wxfqgb4u.cloudfront.net/styles/event_fight_card_upper_body_of_standing_athlete/s3/2023-09/TURKALJ_ANTON_R_09-09.png?itok=U-ACm--w, Ibo Aslan, Anton Turkalj, https://dmxg5wxfqgb4u.cloudfront.net/styles/event_fight_card_upper_body_of_standing_athlete/s3/2023-09/TURKALJ_ANTON_R_09-09.png?itok=U-ACm--w
2, None, Women's Flyweight Bout , https://dmxg5wxfqgb4u.cloudfront.net/styles/event_fight_card_upper_body_of_standing_athlete/s3/2023-07/DUDAKOVA_VIKTORIIA_L_07-15.png?itok=GESWtqpz, Viktoriia Dudakova, Melissa Gatto, https://dmxg5wxfqgb4u.cloudfront.net/styles/event_fight_card_upper_body_of_standing_athlete/s3/2023-06/GATTO_MELISSA_R_07-01.png?itok=Auvvsqd0
2, None, Middleweight Bout , https://dmxg5wxfqgb4u.cloudfront.net/styles/event_fight_card_upper_body_of_standing_athlete/s3/2023-08/PETROSKI_ANDRE_L_08-19.png?itok=2sYw_Oya, Andre Petroski, Jacob Malkoun, https://dmxg5wxfqgb4u.cloudfront.net/styles/event_fight_card_upper_body_of_standing_athlete/s3/2022-06/20980bb4-7bf3-4218-abb7-79ba970ae0c9%252FMALKOUN_JACOB_R_06-11.png?itok=j08yaHfo
2, None, Bantamweight Bout , https://dmxg5wxfqgb4u.cloudfront.net/styles/event_fight_card_upper_body_of_standing_athlete/s3/2024-01/PACHECO_ANGEL_L.png?itok=konaXXFD, Angel Pacheco, Caolán Loughran, https://dmxg5wxfqgb4u.cloudfront.net/styles/event_fight_card_upper_body_of_standing_athlete/s3/2023-08/LOUGHRAN_CAOLAN_R_09-02.png?itok=pFgkHywx
3, None, Middleweight Bout , https://dmxg5wxfqgb4u.cloudfront.net/styles/event_fight_card_upper_body_of_standing_athlete/s3/2023-06/VETTORI_MARVIN_L_06-17.png?itok=NG1bhHYl, Marvin Vettori, Brendan Allen, https://dmxg5wxfqgb4u.cloudfront.net/styles/event_fight_card_upper_body_of_standing_athlete/s3/2024-01/ALLEN_BRENDAN_R_11-18.png?itok=0m2Rh9UN
3, None, Flyweight Bout , https://dmxg5wxfqgb4u.cloudfront.net/styles/event_fight_card_upper_body_of_standing_athlete/s3/2023-02/JOHNSON_JOSE_L_02-25.png?itok=4fqKXyZP, Jose Johnson, Lucas Rocha, https://dmxg5wxfqgb4u.cloudfront.net/styles/event_fight_card_upper_body_of_standing_athlete/s3/2024-02/ROCHA_LUCAS_R.png?itok=TkATK09d
3, None, Lightweight Bout , https://dmxg5wxfqgb4u.cloudfront.net/styles/event_fight_card_upper_body_of_standing_athlete/s3/2023-06/PEEK_TREVOR_L_06-24.png?itok=vScndsaW, Trevor Peek, Charlie Campbell, https://dmxg5wxfqgb4u.cloudfront.net/styles/event_fight_card_upper_body_of_standing_athlete/s3/2023-09/CAMPBELL_CHARLIE_R_09-16.png?itok=DmMQBKH2
3, None, Featherweight Bout , https://dmxg5wxfqgb4u.cloudfront.net/styles/event_fight_card_upper_body_of_standing_athlete/s3/2023-02/HERNANDEZ_ALEXANDER_L_02-18.png?itok=KWOd1rQf, Alexander Hernandez, Damon Jackson, https://dmxg5wxfqgb4u.cloudfront.net/styles/event_fight_card_upper_body_of_standing_athlete/s3/2023-08/JACKSON_DAMON_R_08-05.png?itok=JYj1p-WP
3, None, Bantamweight Bout , https://dmxg5wxfqgb4u.cloudfront.net/styles/event_fight_card_upper_body_of_standing_athlete/s3/2022-04/HEILI_ALATENG_L_09-18.png?itok=Gy4KAczf, Alatengheili, Victor Hugo, https://www.ufc.com/themes/custom/ufc/assets/img/standing-stance-left-silhouette.png
3, None, Middleweight Bout , https://dmxg5wxfqgb4u.cloudfront.net/styles/event_fight_card_upper_body_of_standing_athlete/s3/2023-09/FREMD_JOSH_L_08-12.png?itok=OgYWEWVK, Josh Fremd, Cesar Almeida, https://www.ufc.com/themes/custom/ufc/assets/img/standing-stance-left-silhouette.png
3, None, Women's Strawweight Bout , https://dmxg5wxfqgb4u.cloudfront.net/styles/event_fight_card_upper_body_of_standing_athlete/s3/2022-04/d24bbf1e-86f7-4b24-a438-4a4938dc6833%252FRODRIGUEZ_PIERA_L_04-09.png?itok=UVYeWtFR, Piera Rodriguez, Cynthia Calvillo, https://dmxg5wxfqgb4u.cloudfront.net/styles/event_fight_card_upper_body_of_standing_athlete/s3/2023-06/CALVILLO_CYNTHIA_R_04-08.png?itok=4FnJsDYO
3, None, Welterweight Bout , https://dmxg5wxfqgb4u.cloudfront.net/styles/event_fight_card_upper_body_of_standing_athlete/s3/2023-06/MCGEE_COURT_L_05-13.png?itok=fYAyzjXf, Court McGee, Alex Morono, https://dmxg5wxfqgb4u.cloudfront.net/styles/event_fight_card_upper_body_of_standing_athlete/s3/2023-05/MORONO_ALEX_R_05-13.png?itok=0Nw9LoCB
3, None, Heavyweight Bout , https://dmxg5wxfqgb4u.cloudfront.net/styles/event_fight_card_upper_body_of_standing_athlete/s3/2023-08/BRZESKI_LUKASZ_R.png?itok=iSqv8gJG, Valter Walker, Lukasz Brzeski, https://dmxg5wxfqgb4u.cloudfront.net/styles/event_fight_card_upper_body_of_standing_athlete/s3/2023-08/BRZESKI_LUKASZ_R.png?itok=iSqv8gJG
3, None, Bantamweight Bout , https://dmxg5wxfqgb4u.cloudfront.net/styles/event_fight_card_upper_body_of_standing_athlete/s3/2023-12/ARGUETA_DAN_L_09-23.png?itok=44qb6R8c, Dan Argueta,  , https://www.ufc.com/themes/custom/ufc/assets/img/standing-stance-left-silhouette.png
3, None, Women's Bantamweight Bout , https://dmxg5wxfqgb4u.cloudfront.net/styles/event_fight_card_upper_body_of_standing_athlete/s3/2023-07/DUMONT_NORMA_L_07-15.png?itok=Tnses2gA, Norma Dumont, Germaine de Randamie, https://dmxg5wxfqgb4u.cloudfront.net/styles/event_fight_card_upper_body_of_standing_athlete/s3/2019-12/DE_RANDAMIE_GERMAINE_R.png?VersionId=VjBGzsokIBgUKhTLDP9sdnSSgWr0Z56T&itok=8rt9Gnq_
3, None, Featherweight Bout , https://dmxg5wxfqgb4u.cloudfront.net/styles/event_fight_card_upper_body_of_standing_athlete/s3/2023-08/CHARRIERE_MORGAN_L_09-02.png?itok=4WMaLSIs, Morgan Charriere, Seungwoo Choi, https://dmxg5wxfqgb4u.cloudfront.net/styles/event_fight_card_upper_body_of_standing_athlete/s3/2022-07/4572b956-dfb6-4259-9ba5-5cf45eb2f6fb%252FCHOI_SEUNGWOO_R_06-11.png?itok=y8UU6T5_
3, None, Women's Bantamweight Bout , https://dmxg5wxfqgb4u.cloudfront.net/styles/event_fight_card_upper_body_of_standing_athlete/s3/2023-08/CORNOLLE_NORA_L_09-02.png?itok=54AIgsb6, Nora Cornolle, Melissa Dixon, https://dmxg5wxfqgb4u.cloudfront.net/styles/event_fight_card_upper_body_of_standing_athlete/s3/2023-10/DIXON_MELISSA_R_10-14.png?itok=1LL8DAbx
3, None, Lightweight Bout , https://dmxg5wxfqgb4u.cloudfront.net/styles/event_fight_card_upper_body_of_standing_athlete/s3/2023-08/BAHAMONDES_IGNACIO_L_08-05.png?itok=lxu_1kJ6, Ignacio Bahamondes, Christos Giagos, https://dmxg5wxfqgb4u.cloudfront.net/styles/event_fight_card_upper_body_of_standing_athlete/s3/2023-09/GIAGOS_CHRISTOS_R_09-16.png?itok=wZnqxhFK
4, None, Light Heavyweight Title Bout , https://dmxg5wxfqgb4u.cloudfront.net/styles/event_fight_card_upper_body_of_standing_athlete/s3/2023-04/PEREIRA_ALEX_L_BELT_04-08.png?itok=anD_XOxa, Alex Pereira, Jamahal Hill, https://dmxg5wxfqgb4u.cloudfront.net/styles/event_fight_card_upper_body_of_standing_athlete/s3/2023-01/HILL_JAMAHAL_R_01-19.png?itok=pO3TpQqW
4, None, Women's Strawweight Title Bout , https://dmxg5wxfqgb4u.cloudfront.net/styles/event_fight_card_upper_body_of_standing_athlete/s3/2023-08/WEILI_ZHANG_L_BELT_08-19.png?itok=fl_jBtkD, Zhang Weili, Yan Xiaonan, https://dmxg5wxfqgb4u.cloudfront.net/styles/event_fight_card_upper_body_of_standing_athlete/s3/2022-09/XIAONAN_YAN_R_10-01.png?itok=mcoz_wCm
4, None, Lightweight Bout , https://dmxg5wxfqgb4u.cloudfront.net/styles/event_fight_card_upper_body_of_standing_athlete/s3/2023-03/GAETHJE_JUSTIN_L_03-18.png?itok=13_9YS_o, Justin Gaethje, Max Holloway, https://dmxg5wxfqgb4u.cloudfront.net/styles/event_fight_card_upper_body_of_standing_athlete/s3/2023-06/HOLLOWAY_MAX_R_04-15.png?itok=KaRXBZAd
4, None, Lightweight Bout , https://dmxg5wxfqgb4u.cloudfront.net/styles/event_fight_card_upper_body_of_standing_athlete/s3/2023-06/OLIVEIRA_CHARLES_L_06-10.png?itok=VPfDbyu9, Charles Oliveira, Arman Tsarukyan, https://dmxg5wxfqgb4u.cloudfront.net/styles/event_fight_card_upper_body_of_standing_athlete/s3/2023-11/TSARUKYAN_ARMAN_R_12-02.png?itok=nSaIuoIC
4, None, Light Heavyweight Bout , https://dmxg5wxfqgb4u.cloudfront.net/styles/event_fight_card_upper_body_of_standing_athlete/s3/2023-11/PROCHAZKA_JIRI_L_11-11.png?itok=8GR_uOHl, Jiří Procházka, Aleksandar Rakić, https://dmxg5wxfqgb4u.cloudfront.net/styles/event_fight_card_upper_body_of_standing_athlete/s3/2022-05/c7ca3d32-7508-4274-b0a9-006a24fb690f%252FRAKIC_ALEKSANDAR_R_05-14.png?itok=h1P2v3y3
4, None, Featherweight Bout , https://dmxg5wxfqgb4u.cloudfront.net/styles/event_fight_card_upper_body_of_standing_athlete/s3/2022-06/ac42f8ef-be39-4cec-9e97-79e5d3ecd610%252FKATTAR_CALVIN_L_06-18.png?itok=ptXbljvM, Calvin Kattar, Aljamain Sterling, https://dmxg5wxfqgb4u.cloudfront.net/styles/event_fight_card_upper_body_of_standing_athlete/s3/image/ufc-fighter-container/67275/profile-galery/fullbodyright-picture/STERLING_ALJAMAIN_R.png?VersionId=ZlL7a88HeP6iYw0gK0J91NDATc_2Aw.w&itok=5bRA6h99
4, None, Middleweight Bout , https://dmxg5wxfqgb4u.cloudfront.net/styles/event_fight_card_upper_body_of_standing_athlete/s3/2023-07/NICKAL_BO_L_07-08.png?itok=8iSpBQRl, Bo Nickal, Cody Brundage, https://dmxg5wxfqgb4u.cloudfront.net/styles/event_fight_card_upper_body_of_standing_athlete/s3/2023-04/BRUNDAGE_CODY_R_04_28.png?itok=TP8yaSj_
4, None, Bantamweight Bout , https://dmxg5wxfqgb4u.cloudfront.net/styles/event_fight_card_upper_body_of_standing_athlete/s3/2024-01/FIGUEIREDO_DEIVESON_L_12-02.png?itok=1TO-bjBp, Deiveson Figueiredo, Cody Garbrandt, https://dmxg5wxfqgb4u.cloudfront.net/styles/event_fight_card_upper_body_of_standing_athlete/s3/2023-06/GARBRANDT_CODY_R_03-05.png?itok=ogDXeg1M
4, None, Women's Bantamweight Bout , https://dmxg5wxfqgb4u.cloudfront.net/styles/event_fight_card_upper_body_of_standing_athlete/s3/2023-07/HOLM_HOLLY_L_07-15.png?itok=Uwz1GpSI, Holly Holm, Kayla Harrison, https://www.ufc.com/themes/custom/ufc/assets/img/silhouette-headshot-female.png
4, None, Featherweight Bout , https://dmxg5wxfqgb4u.cloudfront.net/styles/event_fight_card_upper_body_of_standing_athlete/s3/2024-01/YUSUFF_SODIQ_L_10-14.png?itok=iCrOJEHJ, Sodiq Yusuff, Diego Lopes, https://dmxg5wxfqgb4u.cloudfront.net/styles/event_fight_card_upper_body_of_standing_athlete/s3/2023-05/LOPES_DIEGO_R_05-06.png?itok=xrPkdKuN
4, None, Women's Strawweight Bout , https://dmxg5wxfqgb4u.cloudfront.net/styles/event_fight_card_upper_body_of_standing_athlete/s3/2023-11/ANDRADE_JESSICA_L_11-11.png?itok=djhwFjFD, Jéssica Andrade, Marina Rodriguez, https://dmxg5wxfqgb4u.cloudfront.net/styles/event_fight_card_upper_body_of_standing_athlete/s3/2021-10/68706%252Fprofile-galery%252Ffullbodyright-picture%252FRODRIGUEZ_MARINA_R_10-09.png?itok=3sbk3lZL
4, None, Lightweight Bout , https://dmxg5wxfqgb4u.cloudfront.net/styles/event_fight_card_upper_body_of_standing_athlete/s3/2023-04/GREEN_BOBBY_L_04-22.png?itok=yaKgqBHW, Bobby Green, Jim Miller, https://dmxg5wxfqgb4u.cloudfront.net/styles/event_fight_card_upper_body_of_standing_athlete/s3/2024-01/MILLER_JIM_R_01-13.png?itok=T-iLhFAE
5, None, Middleweight Bout , https://dmxg5wxfqgb4u.cloudfront.net/styles/event_fight_card_upper_body_of_standing_athlete/s3/image/fighter_images/SHADOW_Fighter_fullLength_RED.png?VersionId=0NwYm4ow5ym9PWjgcpd05ObDBIC5pBtX&itok=woJQm5ZH, TBD, TBD, https://dmxg5wxfqgb4u.cloudfront.net/styles/event_fight_card_upper_body_of_standing_athlete/s3/image/fighter_images/SHADOW_Fighter_fullLength_BLUE.png?VersionId=1Jeml9w1QwZqmMUJDg8qTrTk7fFhqUra&itok=fiyOmUkc
6, None, Middleweight Bout , https://dmxg5wxfqgb4u.cloudfront.net/styles/event_fight_card_upper_body_of_standing_athlete/s3/image/fighter_images/SHADOW_Fighter_fullLength_RED.png?VersionId=0NwYm4ow5ym9PWjgcpd05ObDBIC5pBtX&itok=woJQm5ZH, TBD, TBD, https://dmxg5wxfqgb4u.cloudfront.net/styles/event_fight_card_upper_body_of_standing_athlete/s3/image/fighter_images/SHADOW_Fighter_fullLength_BLUE.png?VersionId=1Jeml9w1QwZqmMUJDg8qTrTk7fFhqUra&itok=fiyOmUkc
8, main_card, Bantamweight Title Bout , https://dmxg5wxfqgb4u.cloudfront.net/styles/event_fight_card_upper_body_of_standing_athlete/s3/2024-03/OMALLEY_SEAN_BELT_L_03-09.png?itok=sVbvi1Kh, Sean O'Malley, Marlon Vera, https://dmxg5wxfqgb4u.cloudfront.net/styles/event_fight_card_upper_body_of_standing_athlete/s3/2024-03/VERA_MARLON_R_03-09.png?itok=hNzJ-E2M
8, main_card, Lightweight Bout , https://dmxg5wxfqgb4u.cloudfront.net/styles/event_fight_card_upper_body_of_standing_athlete/s3/2024-03/POIRIER_DUSTIN_L_03-09.png?itok=BGi2VslM, Dustin Poirier, Benoît Saint Denis, https://dmxg5wxfqgb4u.cloudfront.net/styles/event_fight_card_upper_body_of_standing_athlete/s3/2024-03/SAINT_DENIS_BENOIT_R_03-09.png?itok=Ipuwd7qx
8, main_card, Welterweight Bout , https://dmxg5wxfqgb4u.cloudfront.net/styles/event_fight_card_upper_body_of_standing_athlete/s3/2024-03/HOLLAND_KEVIN_L_03-09.png?itok=7jK80j-U, Kevin Holland, Michael Page, https://dmxg5wxfqgb4u.cloudfront.net/styles/event_fight_card_upper_body_of_standing_athlete/s3/2024-03/PAGE_MICHAEL_R_03-09.png?itok=FJuBBRZH
8, main_card, Welterweight Bout , https://dmxg5wxfqgb4u.cloudfront.net/styles/event_fight_card_upper_body_of_standing_athlete/s3/2024-03/BURNS_GILBERT_L_03-09.png?itok=CNnn3HK7, Gilbert Burns, Jack Della Maddalena, https://dmxg5wxfqgb4u.cloudfront.net/styles/event_fight_card_upper_body_of_standing_athlete/s3/2024-03/DELLA_MADDALENA_JACK_R_03-09.png?itok=srx1NkQg
8, main_card, Bantamweight Bout , https://dmxg5wxfqgb4u.cloudfront.net/styles/event_fight_card_upper_body_of_standing_athlete/s3/2024-03/YAN_PETR_L_03-09.png?itok=vZ4BRgSJ, Petr Yan, Song Yadong, https://dmxg5wxfqgb4u.cloudfront.net/styles/event_fight_card_upper_body_of_standing_athlete/s3/2024-03/YADONG_SONG_R_03-09.png?itok=2tXPkkjM
8, prelims, Heavyweight Bout , https://dmxg5wxfqgb4u.cloudfront.net/styles/event_fight_card_upper_body_of_standing_athlete/s3/2024-03/BLAYDES_CURTIS_L_03-09.png?itok=dnPEFh__, Curtis Blaydes, Jailton Almeida, https://dmxg5wxfqgb4u.cloudfront.net/styles/event_fight_card_upper_body_of_standing_athlete/s3/2024-03/ALMEIDA_JAILTON_R_03-09.png?itok=1baKPauM
8, prelims, Women's Flyweight Bout , https://dmxg5wxfqgb4u.cloudfront.net/styles/event_fight_card_upper_body_of_standing_athlete/s3/2024-03/CERMINARA_KATLYN_L_03-09.png?itok=q9YUNEFn, Katlyn Cerminara, Maycee Barber, https://dmxg5wxfqgb4u.cloudfront.net/styles/event_fight_card_upper_body_of_standing_athlete/s3/2024-03/BARBER_MAYCEE_R_03-09.png?itok=OtBW6Xfu
8, prelims, Lightweight Bout , https://dmxg5wxfqgb4u.cloudfront.net/styles/event_fight_card_upper_body_of_standing_athlete/s3/2024-03/GAMROT_MATEUSZ_L_03-09.png?itok=pJCEVU-e, Mateusz Gamrot, Rafael Dos Anjos, https://dmxg5wxfqgb4u.cloudfront.net/styles/event_fight_card_upper_body_of_standing_athlete/s3/2024-03/DOS_ANJOS_RAFAEL_R_03-09.png?itok=fMTIAb-C
8, prelims, Bantamweight Bout , https://dmxg5wxfqgb4u.cloudfront.net/styles/event_fight_card_upper_body_of_standing_athlete/s3/2024-03/MUNHOZ_PEDRO_L_03-09.png?itok=X0bWL24p, Pedro Munhoz, Kyler Phillips, https://dmxg5wxfqgb4u.cloudfront.net/styles/event_fight_card_upper_body_of_standing_athlete/s3/2024-03/PHILLIPS_KYLER_R_03-09.png?itok=yTCujlRT
8, early_prelims, Light Heavyweight Bout , https://dmxg5wxfqgb4u.cloudfront.net/styles/event_fight_card_upper_body_of_standing_athlete/s3/2024-03/CUTELABA_ION_L_03-09.png?itok=CpV_pW39, Ion Cutelaba, Philipe Lins, https://dmxg5wxfqgb4u.cloudfront.net/styles/event_fight_card_upper_body_of_standing_athlete/s3/2022-09/LINS_PHILIPE_R_10-01.png?itok=6wHYbwrt
8, early_prelims, Middleweight Bout , https://dmxg5wxfqgb4u.cloudfront.net/styles/event_fight_card_upper_body_of_standing_athlete/s3/2024-03/PEREIRA_MICHEL_L_03-09.png?itok=Yr4oKR44, Michel Pereira, Michal Oleksiejczuk, https://dmxg5wxfqgb4u.cloudfront.net/styles/event_fight_card_upper_body_of_standing_athlete/s3/2023-04/OLEKSIEJCZUK_MICHAL_R_04_28.png?itok=XzpN4Xlw
8, early_prelims, Heavyweight Bout , https://dmxg5wxfqgb4u.cloudfront.net/styles/event_fight_card_upper_body_of_standing_athlete/s3/2024-03/DESPAIGNE_ROBELIS_L_03-09.png?itok=uSM0FNjN, Robelis Despaigne, Josh Parisian, https://dmxg5wxfqgb4u.cloudfront.net/styles/event_fight_card_upper_body_of_standing_athlete/s3/2024-03/PARISIAN_JOSH_R_03-09.png?itok=mOSfIvvj
8, early_prelims, Flyweight Bout , https://dmxg5wxfqgb4u.cloudfront.net/styles/event_fight_card_upper_body_of_standing_athlete/s3/2024-03/VERGARA_CJ_L_03-09.png?itok=PPad5OPt, CJ Vergara, Asu Almabayev, https://dmxg5wxfqgb4u.cloudfront.net/styles/event_fight_card_upper_body_of_standing_athlete/s3/2024-03/ALMABAYEV_ASU_R_03-09.png?itok=wjZLeTQA
8, early_prelims, Women's Flyweight Bout , https://dmxg5wxfqgb4u.cloudfront.net/styles/event_fight_card_upper_body_of_standing_athlete/s3/2024-03/WOOD_JOANNE_L_03-09.png?itok=7zAxyxN7, Joanne Wood, Maryna Moroz, https://dmxg5wxfqgb4u.cloudfront.net/styles/event_fight_card_upper_body_of_standing_athlete/s3/2024-03/MOROZ_MARYNA_R_03-09.png?itok=Hn9_DRj_
9, main_card, Heavyweight Bout , https://dmxg5wxfqgb4u.cloudfront.net/styles/event_fight_card_upper_body_of_standing_athlete/s3/2024-02/ROZENSTRUIK_JAIRZINHO_L_03-02.png?itok=uAtU6H0D, Jairzinho Rozenstruik, Shamil Gaziev, https://dmxg5wxfqgb4u.cloudfront.net/styles/event_fight_card_upper_body_of_standing_athlete/s3/2024-02/GAZIEV_SHAMIL_R_03-02.png?itok=CqXcSxhe
9, main_card, Light Heavyweight Bout , https://dmxg5wxfqgb4u.cloudfront.net/styles/event_fight_card_upper_body_of_standing_athlete/s3/2024-02/PETRINO_VITOR_L_03-02.png?itok=R-mj48Cj, Vitor Petrino, Tyson Pedro, https://dmxg5wxfqgb4u.cloudfront.net/styles/event_fight_card_upper_body_of_standing_athlete/s3/2024-02/PEDRO_TYSON_R_03-02.png?itok=R_uPmP5K
9, main_card, Flyweight Bout , https://dmxg5wxfqgb4u.cloudfront.net/styles/event_fight_card_upper_body_of_standing_athlete/s3/2024-02/PEREZ_ALEX_L_03-02.png?itok=PURCCaEQ, Alex Perez, Muhammad Mokaev, https://dmxg5wxfqgb4u.cloudfront.net/styles/event_fight_card_upper_body_of_standing_athlete/s3/2022-03/ebcc340d-7c19-4cb7-befb-c3d7447a8b42%252FMOKAEV_MUHAMMAD_R_03-19.png?itok=kd51D5MT
9, main_card, Bantamweight Bout , https://dmxg5wxfqgb4u.cloudfront.net/styles/event_fight_card_upper_body_of_standing_athlete/s3/2024-02/NURMAGOMEDOV_UMAR_L_03-02.png?itok=5_5yC0oK, Umar Nurmagomedov, Bekzat Almakhan, https://dmxg5wxfqgb4u.cloudfront.net/styles/event_fight_card_upper_body_of_standing_athlete/s3/2024-02/ALMAKHAN_BEZKAT_R_03-02.png?itok=ZBVucXU1
9, main_card, Flyweight Bout , https://dmxg5wxfqgb4u.cloudfront.net/styles/event_fight_card_upper_body_of_standing_athlete/s3/2024-02/SCHNELL_MATT_L_03-02.png?itok=zvfcl8K0, Matt Schnell, Steve Erceg, https://dmxg5wxfqgb4u.cloudfront.net/styles/event_fight_card_upper_body_of_standing_athlete/s3/2024-02/ERCEG_STEVEN_R_03-02.png?itok=4GMOB485
9, prelims, Middleweight Bout , https://dmxg5wxfqgb4u.cloudfront.net/styles/event_fight_card_upper_body_of_standing_athlete/s3/2024-02/ANDERS_ERYK_L_03-02.png?itok=dByltHii, Eryk Anders, Jamie Pickett, https://dmxg5wxfqgb4u.cloudfront.net/styles/event_fight_card_upper_body_of_standing_athlete/s3/2024-02/PICKETT_JAMIE_R_03-02.png?itok=k7znHFOt
9, prelims, Bantamweight Bout , https://dmxg5wxfqgb4u.cloudfront.net/styles/event_fight_card_upper_body_of_standing_athlete/s3/2024-02/OLIVIEIRA_VINICIUS_L_03-02.png?itok=MnrvHMTk, Vinicius Oliveira, Benardo Sopaj, https://dmxg5wxfqgb4u.cloudfront.net/styles/event_fight_card_upper_body_of_standing_athlete/s3/2024-02/SOPAJ_BENARDO_R_03-02.png?itok=XZMST5jb
9, prelims, Bantamweight Bout , https://dmxg5wxfqgb4u.cloudfront.net/styles/event_fight_card_upper_body_of_standing_athlete/s3/2024-02/ZAHABI_AIEMANN_L_03-02.png?itok=D5m4dxWJ, Aiemann Zahabi, Javid Basharat, https://dmxg5wxfqgb4u.cloudfront.net/styles/event_fight_card_upper_body_of_standing_athlete/s3/2024-02/BASHARAT_JAVID_R_03-02.png?itok=zJjM4dB1
9, prelims, Middleweight Bout , https://dmxg5wxfqgb4u.cloudfront.net/styles/event_fight_card_upper_body_of_standing_athlete/s3/2024-02/DUNCAN_CHRISTIAN_LEROY_L_03-02.png?itok=n40fKX0Z, Christian Leroy Duncan, Claudio Ribeiro, https://dmxg5wxfqgb4u.cloudfront.net/styles/event_fight_card_upper_body_of_standing_athlete/s3/2024-02/RIBEIRO_CLAUDIO_R_03-02.png?itok=4Bjpski7
9, prelims, Lightweight Bout , https://dmxg5wxfqgb4u.cloudfront.net/styles/event_fight_card_upper_body_of_standing_athlete/s3/2024-02/KLEIN_LUDOVIT_L_03-02.png?itok=TCDhhOsH, Ludovit Klein, AJ Cunningham, https://dmxg5wxfqgb4u.cloudfront.net/styles/event_fight_card_upper_body_of_standing_athlete/s3/2024-02/CUNNINGHAM_AJ_R_03-02.png?itok=zl1FX6T-
9, prelims, Lightweight Bout , https://dmxg5wxfqgb4u.cloudfront.net/styles/event_fight_card_upper_body_of_standing_athlete/s3/2024-02/AL-SELWADY_ABDUL-KAREEM_L_03-02.png?itok=aet-1k-7, Abdul-Kareem Al-Selwady, Loik Radzhabov, https://dmxg5wxfqgb4u.cloudfront.net/styles/event_fight_card_upper_body_of_standing_athlete/s3/2024-02/RADZHABOV_LOIK_R_03-02.png?itok=bLX7xvsj
10, main_card, Flyweight Bout , https://dmxg5wxfqgb4u.cloudfront.net/styles/event_fight_card_upper_body_of_standing_athlete/s3/2022-07/MORENO_BRANDON_L_06-12.png?itok=StNwkwbi, Brandon Moreno, Brandon Royval, https://dmxg5wxfqgb4u.cloudfront.net/styles/event_fight_card_upper_body_of_standing_athlete/s3/2024-02/ROYVAL_BRANDON_R_02-24.png?itok=npup193B
10, main_card, Featherweight Bout , https://dmxg5wxfqgb4u.cloudfront.net/styles/event_fight_card_upper_body_of_standing_athlete/s3/2022-07/RODRIGUEZ_YAIR_L_07-16.png?itok=EogxXVTq, Yair Rodriguez, Brian Ortega, https://dmxg5wxfqgb4u.cloudfront.net/styles/event_fight_card_upper_body_of_standing_athlete/s3/2024-02/ORTEGA_BRIAN_R_02-24.png?itok=vBmw1cAa
10, main_card, Lightweight Bout , https://dmxg5wxfqgb4u.cloudfront.net/styles/event_fight_card_upper_body_of_standing_athlete/s3/2024-02/ZELLHUBER_DANIEL_L_02-24.png?itok=9AlRYtfm, Daniel Zellhuber, Francisco Prado, https://dmxg5wxfqgb4u.cloudfront.net/styles/event_fight_card_upper_body_of_standing_athlete/s3/2024-02/PRADO_FRANCISCO_R_02-24.png?itok=rRntfUYD
10, main_card, Women's Strawweight Bout , https://dmxg5wxfqgb4u.cloudfront.net/styles/event_fight_card_upper_body_of_standing_athlete/s3/2024-02/JAUREGUI_YAZMIN_L_02-24.png?itok=JMfE_ZWr, Yazmin Jauregui, Sam Hughes, https://dmxg5wxfqgb4u.cloudfront.net/styles/event_fight_card_upper_body_of_standing_athlete/s3/2024-02/HUGHES_SAM_R_02-24.png?itok=ofSE5I3B
10, main_card, Lightweight Bout , https://dmxg5wxfqgb4u.cloudfront.net/styles/event_fight_card_upper_body_of_standing_athlete/s3/2024-02/TORRES_MANUEL_L_02-24.png?itok=iXEAn6nh, Manuel Torres, Chris Duncan, https://dmxg5wxfqgb4u.cloudfront.net/styles/event_fight_card_upper_body_of_standing_athlete/s3/2024-02/DUNCAN_CHRIS_R_02-24.png?itok=D9-MFyg0
10, prelims, Bantamweight Bout , https://dmxg5wxfqgb4u.cloudfront.net/styles/event_fight_card_upper_body_of_standing_athlete/s3/2024-02/QUINONEZ_CRISTIAN_L_02-24.png?itok=_I74tDcX, Cristian Quiñonez, Raoni Barcelos, https://dmxg5wxfqgb4u.cloudfront.net/styles/event_fight_card_upper_body_of_standing_athlete/s3/2024-02/BARCELOS_RAONI_R_02-24.png?itok=yTrcviFW
10, prelims, Flyweight Bout , https://dmxg5wxfqgb4u.cloudfront.net/styles/event_fight_card_upper_body_of_standing_athlete/s3/2024-02/AGUILAR_JESUS_L_02-24.png?itok=CKH_Xs3_, Jesus Aguilar, Mateus Mendonça, https://dmxg5wxfqgb4u.cloudfront.net/styles/event_fight_card_upper_body_of_standing_athlete/s3/2024-02/MENDONCA_MATEUS_R_02-24.png?itok=wf-xvm5h
10, prelims, Flyweight Bout , https://dmxg5wxfqgb4u.cloudfront.net/styles/event_fight_card_upper_body_of_standing_athlete/s3/2024-02/CHAIREZ_EDGAR_L_02-24.png?itok=LU-j54sp, Edgar Chairez, Daniel Lacerda, https://dmxg5wxfqgb4u.cloudfront.net/styles/event_fight_card_upper_body_of_standing_athlete/s3/2024-02/LACERDA_DANIEL_R_02-24.png?itok=lcsx-kaG
10, prelims, Lightweight Bout , https://dmxg5wxfqgb4u.cloudfront.net/styles/event_fight_card_upper_body_of_standing_athlete/s3/2024-02/PUELLES_CLAUDIO_L_02-24.png?itok=-WyqIPxz, Claudio Puelles, Farès Ziam, https://dmxg5wxfqgb4u.cloudfront.net/styles/event_fight_card_upper_body_of_standing_athlete/s3/2024-02/ZIAM_FARES_R_02-24.png?itok=Po7oJ-HB
10, prelims, Flyweight Bout , https://dmxg5wxfqgb4u.cloudfront.net/styles/event_fight_card_upper_body_of_standing_athlete/s3/2024-02/RODRIGUEZ_RONALDO_L_02-24.png?itok=ursu3J56, Ronaldo Rodriguez, Denys Bondar, https://dmxg5wxfqgb4u.cloudfront.net/styles/event_fight_card_upper_body_of_standing_athlete/s3/2024-02/BONDAR_DENYS_R_02-24.png?itok=kTFRmHsQ
10, prelims, Flyweight Bout , https://dmxg5wxfqgb4u.cloudfront.net/styles/event_fight_card_upper_body_of_standing_athlete/s3/2024-02/ALTAMIRANO_VICTOR_L_02-24.png?itok=1xD8MUnt, Victor Altamirano, Felipe dos Santos, https://dmxg5wxfqgb4u.cloudfront.net/styles/event_fight_card_upper_body_of_standing_athlete/s3/2024-02/DOS_SANTOS_FELIPE_R_02-24.png?itok=AZpe5kb1
10, prelims, Featherweight Bout , https://dmxg5wxfqgb4u.cloudfront.net/styles/event_fight_card_upper_body_of_standing_athlete/s3/2024-02/SILVA_ERIK_L_02-24.png?itok=Oe6mufGt, Erik Silva, Muhammad Naimov, https://dmxg5wxfqgb4u.cloudfront.net/styles/event_fight_card_upper_body_of_standing_athlete/s3/2024-02/NAIMOV_MUHAMMAD_R_02-24.png?itok=Qg3-jZV7
11, main_card, Featherweight Title Bout , https://dmxg5wxfqgb4u.cloudfront.net/styles/event_fight_card_upper_body_of_standing_athlete/s3/2024-02/VOLKANOVSKI_ALEXANDER_L_02-17.png?itok=VsmNBUtZ, Alexander Volkanovski, Ilia Topuria, https://dmxg5wxfqgb4u.cloudfront.net/styles/event_fight_card_upper_body_of_standing_athlete/s3/2024-02/TOPURIA_ILIA_R_BELT_02-17.png?itok=v-Av6G-t
11, main_card, Middleweight Bout , https://dmxg5wxfqgb4u.cloudfront.net/styles/event_fight_card_upper_body_of_standing_athlete/s3/image/fighter_images/Robert_Whittaker/WHITTAKER_ROBERT_L.png?VersionId=VO9blCtU69Ygsr8mf.RRSWQKFem0p.u.&itok=AMrj4UOT, Robert Whittaker, Paulo Costa, https://dmxg5wxfqgb4u.cloudfront.net/styles/event_fight_card_upper_body_of_standing_athlete/s3/2024-02/COSTA_PAULO_R_02-17.png?itok=i9tkiF9X
11, main_card, Welterweight Bout , https://dmxg5wxfqgb4u.cloudfront.net/styles/event_fight_card_upper_body_of_standing_athlete/s3/2024-02/NEAL_GEOFF_L_02-17.png?itok=kl3H3N8g, Geoff Neal, Ian Machado Garry, https://dmxg5wxfqgb4u.cloudfront.net/styles/event_fight_card_upper_body_of_standing_athlete/s3/2024-02/GARRY_IAN_R_02-17.png?itok=2HOErtp7
11, main_card, Bantamweight Bout , https://dmxg5wxfqgb4u.cloudfront.net/styles/event_fight_card_upper_body_of_standing_athlete/s3/2024-02/DVALISHVILI_MERAB_L_02-17.png?itok=Lpip7eh8, Merab Dvalishvili, Henry Cejudo, https://dmxg5wxfqgb4u.cloudfront.net/styles/event_fight_card_upper_body_of_standing_athlete/s3/2024-02/CEJUDO_HENRY_R_02-17.png?itok=SjjYkccw
11, main_card, Middleweight Bout , https://dmxg5wxfqgb4u.cloudfront.net/styles/event_fight_card_upper_body_of_standing_athlete/s3/2024-02/HERNANDEZ_ANTHONY_L_02-17.png?itok=BKa9vlCS, Anthony Hernandez, Roman Kopylov, https://dmxg5wxfqgb4u.cloudfront.net/styles/event_fight_card_upper_body_of_standing_athlete/s3/2024-02/KOPYLOV_ROMAN_R_02-17.png?itok=rcG_UT4D
11, prelims, Women's Strawweight Bout , https://dmxg5wxfqgb4u.cloudfront.net/styles/event_fight_card_upper_body_of_standing_athlete/s3/2024-02/LEMOS_AMANDA_L_02-17.png?itok=e59MtKJs, Amanda Lemos, Mackenzie Dern, https://dmxg5wxfqgb4u.cloudfront.net/styles/event_fight_card_upper_body_of_standing_athlete/s3/2024-02/DERN_MACKENZIE_R_02-17.png?itok=Rzs6v6iT
11, prelims, Heavyweight Bout , https://dmxg5wxfqgb4u.cloudfront.net/styles/event_fight_card_upper_body_of_standing_athlete/s3/2024-02/ROGERIO%2520DE%2520LIMA_MARCOS_L_02-17.png?itok=VOq78dHn, Marcos Rogerio de Lima, Junior Tafa, https://dmxg5wxfqgb4u.cloudfront.net/styles/event_fight_card_upper_body_of_standing_athlete/s3/2023-04/TAFA_JUINIOR_R_04-22.png?itok=Bt5MwZlP
11, prelims, Bantamweight Bout , https://dmxg5wxfqgb4u.cloudfront.net/styles/event_fight_card_upper_body_of_standing_athlete/s3/2023-08/NAKAMURA_RINYA_L%298_26.png?itok=paE-Yei9, Rinya Nakamura, Carlos Vera, https://dmxg5wxfqgb4u.cloudfront.net/styles/event_fight_card_upper_body_of_standing_athlete/s3/2024-02/VERA_CARLOS_R_02-17.png?itok=r9ELs1j4
11, prelims, Light Heavyweight Bout , https://dmxg5wxfqgb4u.cloudfront.net/styles/event_fight_card_upper_body_of_standing_athlete/s3/2024-02/ZHANG_MINGYANG_L_02-17.png?itok=hI-VskOV, Zhang Mingyang, Brendson Ribeiro, https://dmxg5wxfqgb4u.cloudfront.net/styles/event_fight_card_upper_body_of_standing_athlete/s3/2024-02/RIBEIRO_BRENDSON_R_02-17.png?itok=8IwGdzkm
11, prelims, Welterweight Bout , https://dmxg5wxfqgb4u.cloudfront.net/styles/event_fight_card_upper_body_of_standing_athlete/s3/2024-02/QUINLAN_JOSH_L_02-17.png?itok=lYodpbHP, Josh Quinlan, Danny Barlow, https://dmxg5wxfqgb4u.cloudfront.net/styles/event_fight_card_upper_body_of_standing_athlete/s3/2024-02/BARLOW_DANNY_R_02-17.png?itok=CgJPl8mG
11, early_prelims, Welterweight Bout , https://dmxg5wxfqgb4u.cloudfront.net/styles/event_fight_card_upper_body_of_standing_athlete/s3/2024-02/ELLIOT_OBAN_L_02-17.png?itok=uc_KzMKq, Oban Elliott, Val Woodburn, https://dmxg5wxfqgb4u.cloudfront.net/styles/event_fight_card_upper_body_of_standing_athlete/s3/2024-02/WOODBURN_VAL_R_02-17.png?itok=95tgpkSx
11, early_prelims, Women's Flyweight Bout , https://dmxg5wxfqgb4u.cloudfront.net/styles/event_fight_card_upper_body_of_standing_athlete/s3/2024-02/LEE_ANDREA_L_02-17.png?itok=SS1gxRev, Andrea Lee, Miranda Maverick, https://dmxg5wxfqgb4u.cloudfront.net/styles/event_fight_card_upper_body_of_standing_athlete/s3/2024-02/MAVERICK_MIRANDA_R_02-17.png?itok=MpQd5aDa
12, main_card, Middleweight Bout , https://dmxg5wxfqgb4u.cloudfront.net/styles/event_fight_card_upper_body_of_standing_athlete/s3/2024-02/HERMANSSON_JACK_L_02-10.png?itok=i-5MHLMd, Jack Hermansson, Joe Pyfer, https://dmxg5wxfqgb4u.cloudfront.net/styles/event_fight_card_upper_body_of_standing_athlete/s3/2024-02/PYFER_JOE_R_02-10.png?itok=iCMEtzC-
12, main_card, Featherweight Bout , https://dmxg5wxfqgb4u.cloudfront.net/styles/event_fight_card_upper_body_of_standing_athlete/s3/2024-02/IGE_DAN_L_02-10.png?itok=8LcCLfGF, Dan Ige, Andre Fili, https://dmxg5wxfqgb4u.cloudfront.net/styles/event_fight_card_upper_body_of_standing_athlete/s3/2024-02/FILI_ANDRE_R_02-10.png?itok=w_kInDYP
12, main_card, Middleweight Bout , https://dmxg5wxfqgb4u.cloudfront.net/styles/event_fight_card_upper_body_of_standing_athlete/s3/2024-02/BRYZCEK_ROBERT_L_02-10.png?itok=Qyvh9Y2d, Robert Bryczek, Ihor Potieria, https://dmxg5wxfqgb4u.cloudfront.net/styles/event_fight_card_upper_body_of_standing_athlete/s3/2023-01/POTIERIA_IHOR_R_01-19.png?itok=O-C33oVA
12, main_card, Middleweight Bout , https://dmxg5wxfqgb4u.cloudfront.net/styles/event_fight_card_upper_body_of_standing_athlete/s3/2024-02/TAVARES_BRAD_L_02-10.png?itok=iKnaAo0-, Brad Tavares, Gregory Rodrigues, https://dmxg5wxfqgb4u.cloudfront.net/styles/event_fight_card_upper_body_of_standing_athlete/s3/2022-06/eb3ddab2-8ca0-47b9-b531-e890a58efa2c%252FRODRIGUES_GREGORY_R_06-18.png?itok=IKumswEz
12, main_card, Lightweight Bout , https://dmxg5wxfqgb4u.cloudfront.net/styles/event_fight_card_upper_body_of_standing_athlete/s3/2024-02/JOHNSON_MICHAEL_L_02-10.png?itok=YXf3R0vh, Michael Johnson, Darrius Flowers, https://dmxg5wxfqgb4u.cloudfront.net/styles/event_fight_card_upper_body_of_standing_athlete/s3/2024-02/FLOWERS_DARRIUS_R_02-10.png?itok=8xjzOUE1
12, main_card, Middleweight Bout , https://dmxg5wxfqgb4u.cloudfront.net/styles/event_fight_card_upper_body_of_standing_athlete/s3/2024-02/VIEIRA_RODOLFO_L_02-10.png?itok=813yLKgm, Rodolfo Vieira, Armen Petrosyan, https://dmxg5wxfqgb4u.cloudfront.net/styles/event_fight_card_upper_body_of_standing_athlete/s3/2024-02/PETROSYAN_ARMEN_R_02-10.png?itok=6k_58dDK
12, prelims, Welterweight Bout , https://dmxg5wxfqgb4u.cloudfront.net/styles/event_fight_card_upper_body_of_standing_athlete/s3/2024-02/GILES_TREVIN_L_02-10.png?itok=lGwdLgmk, Trevin Giles, Carlos Prates, https://dmxg5wxfqgb4u.cloudfront.net/styles/event_fight_card_upper_body_of_standing_athlete/s3/2024-02/PRATES_CARLOS_R_02-10.png?itok=4AxSN8y-
12, prelims, Lightweight Bout , https://dmxg5wxfqgb4u.cloudfront.net/styles/event_fight_card_upper_body_of_standing_athlete/s3/2024-02/OKI_BOLAJI_L_02-10.png?itok=zVjvSM9-, Bolaji Oki, Timmy Cuamba, https://dmxg5wxfqgb4u.cloudfront.net/styles/event_fight_card_upper_body_of_standing_athlete/s3/2024-02/CUAMBA_TIMOTHY_R_02-10.png?itok=NpS94_J7
12, prelims, Women's Strawweight Bout , https://dmxg5wxfqgb4u.cloudfront.net/styles/event_fight_card_upper_body_of_standing_athlete/s3/2024-02/LOOKBOONMEE_LOMA_L_02-10.png?itok=ljL80PWT, Loma Lookboonmee, Bruna Brasil, https://dmxg5wxfqgb4u.cloudfront.net/styles/event_fight_card_upper_body_of_standing_athlete/s3/2024-02/BRASIL_BRUNA_R_02-10.png?itok=dJ7QU4p6
12, prelims, Light Heavyweight Bout , https://dmxg5wxfqgb4u.cloudfront.net/styles/event_fight_card_upper_body_of_standing_athlete/s3/2024-02/CLARK_DEVIN_L_02-10.png?itok=Le97ls0s, Devin Clark, Marcin Prachnio, https://dmxg5wxfqgb4u.cloudfront.net/styles/event_fight_card_upper_body_of_standing_athlete/s3/2024-02/PRACHNIO_MARCIN_R_02-10.png?itok=xu7NLfhG
12, prelims, Welterweight Bout , https://dmxg5wxfqgb4u.cloudfront.net/styles/event_fight_card_upper_body_of_standing_athlete/s3/2024-02/GRIFFIN_MAX_L_02-10.png?itok=F6jQr2gt, Max Griffin, Jeremiah Wells, https://dmxg5wxfqgb4u.cloudfront.net/styles/event_fight_card_upper_body_of_standing_athlete/s3/2024-02/WELLS_JEREMIAH_R_02-10.png?itok=DBg4p0e2
12, prelims, Light Heavyweight Bout , https://dmxg5wxfqgb4u.cloudfront.net/styles/event_fight_card_upper_body_of_standing_athlete/s3/2024-02/PAUGA_ZAC_L_02-10.png?itok=XsQGQP7I, Zac Pauga, Bogdan Guskov, https://dmxg5wxfqgb4u.cloudfront.net/styles/event_fight_card_upper_body_of_standing_athlete/s3/2024-02/GUSKOV_BOGDAN_R_02-10.png?itok=istqGoG8
12, prelims, Featherweight Bout , https://dmxg5wxfqgb4u.cloudfront.net/styles/event_fight_card_upper_body_of_standing_athlete/s3/2022-06/GARCIA_FERNIE_L_05-07.png?itok=xM69j8Yt, Fernie Garcia, Hyder Amil, https://dmxg5wxfqgb4u.cloudfront.net/styles/event_fight_card_upper_body_of_standing_athlete/s3/2024-02/AMIL_HYDER_R_02-10.png?itok=2OCD1HS5
12, prelims, Bantamweight Bout , https://dmxg5wxfqgb4u.cloudfront.net/styles/event_fight_card_upper_body_of_standing_athlete/s3/image/2023-07/MARCOS_DANIEL_L.png?itok=_jZEbREE, Daniel Marcos, Aoriqileng, https://dmxg5wxfqgb4u.cloudfront.net/styles/event_fight_card_upper_body_of_standing_athlete/s3/2024-02/AORIQILENG_R_02-10.png?itok=oh9A7Yye
13, main_card, Middleweight Bout , https://dmxg5wxfqgb4u.cloudfront.net/styles/event_fight_card_upper_body_of_standing_athlete/s3/2024-02/DOLIDZE_ROMAN_L_02-03.png?itok=S1x2X9tD, Roman Dolidze, Nassourdine Imavov, https://dmxg5wxfqgb4u.cloudfront.net/styles/event_fight_card_upper_body_of_standing_athlete/s3/2024-02/IMAVOV_NASSOURDINE_R_02-03.png?itok=yJJoZ_50
13, main_card, Lightweight Bout , https://dmxg5wxfqgb4u.cloudfront.net/styles/event_fight_card_upper_body_of_standing_athlete/s3/2024-02/MOICANO_RENATO_L_02-03.png?itok=8XEMfhSX, Renato Moicano, Drew Dober, https://dmxg5wxfqgb4u.cloudfront.net/styles/event_fight_card_upper_body_of_standing_athlete/s3/2024-02/DOBER_DREW_R_02-03.png?itok=LO0EUml8
13, main_card, Welterweight Bout , https://dmxg5wxfqgb4u.cloudfront.net/styles/event_fight_card_upper_body_of_standing_athlete/s3/2024-02/BROWN_RANDY_L_02-03.png?itok=G7-lwhwj, Randy Brown, Muslim Salikhov, https://dmxg5wxfqgb4u.cloudfront.net/styles/event_fight_card_upper_body_of_standing_athlete/s3/2024-02/SALIKHOV_MUSLIM_R_02-03.png?itok=-EdnBewj
13, main_card, Women's Flyweight Bout , https://dmxg5wxfqgb4u.cloudfront.net/styles/event_fight_card_upper_body_of_standing_athlete/s3/2024-02/ARAUJO_VIVIANE_L_02-03.png?itok=EtGLoRIB, Viviane Araújo, Natalia Silva, https://dmxg5wxfqgb4u.cloudfront.net/styles/event_fight_card_upper_body_of_standing_athlete/s3/2024-02/SILVA_NATALIA_R_02-03.png?itok=GU6iBfRv
13, main_card, Middleweight Bout , https://dmxg5wxfqgb4u.cloudfront.net/styles/event_fight_card_upper_body_of_standing_athlete/s3/2024-02/KHIZRIEV_ALIASKHAB_L_02-03.png?itok=vTuFTz-i, Aliaskhab Khizriev, Makhmud Muradov, https://dmxg5wxfqgb4u.cloudfront.net/styles/event_fight_card_upper_body_of_standing_athlete/s3/2024-02/MURADOV_MAKHMUD_R_02-03.png?itok=tYQ7mE2z
13, main_card, Welterweight Bout , https://dmxg5wxfqgb4u.cloudfront.net/styles/event_fight_card_upper_body_of_standing_athlete/s3/2024-02/URBINA_GILBERT_L_02-03.png?itok=W-97UnWv, Gilbert Urbina, Charles Radtke, https://dmxg5wxfqgb4u.cloudfront.net/styles/event_fight_card_upper_body_of_standing_athlete/s3/2024-02/RADTKE_CHARLES_R_02-03.png?itok=IvWBLQMV
13, prelims, Women's Strawweight Bout , https://dmxg5wxfqgb4u.cloudfront.net/styles/event_fight_card_upper_body_of_standing_athlete/s3/2024-02/MCCANN_MOLLY_L_02-03.png?itok=oxYCjyAT, Molly McCann, Diana Belbita, https://dmxg5wxfqgb4u.cloudfront.net/styles/event_fight_card_upper_body_of_standing_athlete/s3/2024-02/BELBITA_DIANA_R_02-03.png?itok=W8xMjivK
13, prelims, Flyweight Bout , https://dmxg5wxfqgb4u.cloudfront.net/styles/event_fight_card_upper_body_of_standing_athlete/s3/2024-02/MAKSUM_AZAT_L_02-03.png?itok=lxzkwHZZ, Azat Maksum, Charles Johnson, https://dmxg5wxfqgb4u.cloudfront.net/styles/event_fight_card_upper_body_of_standing_athlete/s3/2024-02/JOHNSON_CHARLES_R_02-03.png?itok=R8_6gRFY
13, prelims, Welterweight Bout , https://dmxg5wxfqgb4u.cloudfront.net/styles/event_fight_card_upper_body_of_standing_athlete/s3/2024-02/GORIMBO_THEMBA_L_02-03.png?itok=l8NHP6Nd, Themba Gorimbo, Pete Rodriguez, https://dmxg5wxfqgb4u.cloudfront.net/styles/event_fight_card_upper_body_of_standing_athlete/s3/2024-02/RODRIGUEZ_PETE_R_02-03.png?itok=dHlBrAx7
13, prelims, Featherweight Bout , https://dmxg5wxfqgb4u.cloudfront.net/styles/event_fight_card_upper_body_of_standing_athlete/s3/2024-02/LEE_JEONGYEONG_L_02-03.png?itok=JODwxhGl, JeongYeong Lee, Blake Bilder, https://dmxg5wxfqgb4u.cloudfront.net/styles/event_fight_card_upper_body_of_standing_athlete/s3/2024-02/BILDER_BLAKE_R_02-03.png?itok=UxA0_GkJ
13, prelims, Women's Flyweight Bout , https://dmxg5wxfqgb4u.cloudfront.net/styles/event_fight_card_upper_body_of_standing_athlete/s3/2024-02/CAROLINA_LUANA_L_02-03.png?itok=6WjEi-ex, Luana Carolina, Julija Stoliarenko, https://dmxg5wxfqgb4u.cloudfront.net/styles/event_fight_card_upper_body_of_standing_athlete/s3/2024-02/STOLIARENKO_JULIJA_R_02-03.png?itok=T7erEUB4
13, prelims, Lightweight Bout , https://dmxg5wxfqgb4u.cloudfront.net/styles/event_fight_card_upper_body_of_standing_athlete/s3/2024-02/QUINONES_LANDON_L_02-03.png?itok=tzsfpXti, Landon Quinones, MarQuel Mederos, https://dmxg5wxfqgb4u.cloudfront.net/styles/event_fight_card_upper_body_of_standing_athlete/s3/2024-02/MEDEROS_MARQUEL_R_02-03.png?itok=Znna-K_L
13, prelims, Heavyweight Bout , https://dmxg5wxfqgb4u.cloudfront.net/styles/event_fight_card_upper_body_of_standing_athlete/s3/2024-02/PETERSON_THOMAS_L_02-03.png?itok=ABf668-x, Thomas Petersen, Jamal Pogues, https://dmxg5wxfqgb4u.cloudfront.net/styles/event_fight_card_upper_body_of_standing_athlete/s3/2024-02/POGUES_JAMAL_R_02-03.png?itok=ezp_oVXx
14, main_card, Middleweight Title Bout , https://dmxg5wxfqgb4u.cloudfront.net/styles/event_fight_card_upper_body_of_standing_athlete/s3/2023-06/STRICKLAND_SEAN_L_07-01.png?itok=rl05WJrz, Sean Strickland, Dricus Du Plessis, https://dmxg5wxfqgb4u.cloudfront.net/styles/event_fight_card_upper_body_of_standing_athlete/s3/2024-01/DU_PLESSIS_DRICUS_R_01-20.png?itok=K8WtSGbj
14, main_card, Women's Bantamweight Title Bout , https://dmxg5wxfqgb4u.cloudfront.net/styles/event_fight_card_upper_body_of_standing_athlete/s3/2024-01/PENNINGTON_RAQUEL_L_BELTMOCK.png?itok=isCcH5hA, Raquel Pennington, Mayra Bueno Silva, https://dmxg5wxfqgb4u.cloudfront.net/styles/event_fight_card_upper_body_of_standing_athlete/s3/2024-01/BUENO_SILVA_MAYRA_R_01-20.png?itok=HLgW6eZ1
14, main_card, Welterweight Bout , https://dmxg5wxfqgb4u.cloudfront.net/styles/event_fight_card_upper_body_of_standing_athlete/s3/2024-01/MAGNY_NEIL_L_01-20.png?itok=bZCblCEo, Neil Magny, Mike Malott, https://dmxg5wxfqgb4u.cloudfront.net/styles/event_fight_card_upper_body_of_standing_athlete/s3/2024-01/MALOTT_MIKE_R_01-20.png?itok=whWduy2W
14, main_card, Middleweight Bout , https://dmxg5wxfqgb4u.cloudfront.net/styles/event_fight_card_upper_body_of_standing_athlete/s3/2024-01/CURTIS_CHRIS_L_01-20.png?itok=HcUEnY6J, Chris Curtis, Marc-Andre Barriault, https://dmxg5wxfqgb4u.cloudfront.net/styles/event_fight_card_upper_body_of_standing_athlete/s3/2024-01/BARRIAULT_MARC-ANDRE_R_01-20.png?itok=FaHDLKGx
14, main_card, Featherweight Bout , https://dmxg5wxfqgb4u.cloudfront.net/styles/event_fight_card_upper_body_of_standing_athlete/s3/2024-01/ALLEN_ARNOLD_L_01-20.png?itok=AzmJZ-Qd, Arnold Allen, Movsar Evloev, https://dmxg5wxfqgb4u.cloudfront.net/styles/event_fight_card_upper_body_of_standing_athlete/s3/2024-01/EVLOEV_MOVSAR_R_01-20.png?itok=VApE705H
14, prelims, Bantamweight Bout , https://dmxg5wxfqgb4u.cloudfront.net/styles/event_fight_card_upper_body_of_standing_athlete/s3/2024-01/KATONA_BRAD_L_01-20.png?itok=VWa14f8B, Brad Katona, Garrett Armfield, https://dmxg5wxfqgb4u.cloudfront.net/styles/event_fight_card_upper_body_of_standing_athlete/s3/2024-01/ARMFIELD_GARRETT_R_01-20.png?itok=A_Mq9weI
14, prelims, Featherweight Bout , https://dmxg5wxfqgb4u.cloudfront.net/styles/event_fight_card_upper_body_of_standing_athlete/s3/2024-01/JOURDAIN_CHARLES_L_01-20.png?itok=j98N3pO0, Charles Jourdain, Sean Woodson, https://dmxg5wxfqgb4u.cloudfront.net/styles/event_fight_card_upper_body_of_standing_athlete/s3/2024-01/WOODSON_SEAN_R_01-20.png?itok=1VjR5-FD
14, prelims, Bantamweight Bout , https://dmxg5wxfqgb4u.cloudfront.net/styles/event_fight_card_upper_body_of_standing_athlete/s3/2024-01/SIDEY_SERHIY_L_01-20.png?itok=zI5dTfXZ, Serhiy Sidey, Ramon Taveras, https://dmxg5wxfqgb4u.cloudfront.net/styles/event_fight_card_upper_body_of_standing_athlete/s3/2024-01/TAVERAS_RAMON_R_01-20.png?itok=i0OUUdzT
14, prelims, Women's Strawweight Bout , https://dmxg5wxfqgb4u.cloudfront.net/styles/event_fight_card_upper_body_of_standing_athlete/s3/2024-01/ROBERTSON_GILLIAN_L_01-20.png?itok=5wSxfY2F, Gillian Robertson, Polyana Viana, https://dmxg5wxfqgb4u.cloudfront.net/styles/event_fight_card_upper_body_of_standing_athlete/s3/2024-01/VIANA_POLYANA_R_01-20.png?itok=HouUhyQP
14, early_prelims, Welterweight Bout , https://dmxg5wxfqgb4u.cloudfront.net/styles/event_fight_card_upper_body_of_standing_athlete/s3/2024-01/LAINESSE_YOHAN_L_01-20.png?itok=66nGrPRy, Yohan Lainesse, Sam Patterson, https://dmxg5wxfqgb4u.cloudfront.net/styles/event_fight_card_upper_body_of_standing_athlete/s3/2024-01/PATTERSON_SAM_R_01-20.png?itok=KfpwFs8G
14, early_prelims, Women's Bantamweight Bout , https://dmxg5wxfqgb4u.cloudfront.net/styles/event_fight_card_upper_body_of_standing_athlete/s3/2024-01/JASUDAVICIUS_JASMINE_L_01-20.png?itok=SFnU251i, Jasmine Jasudavicius, Priscila Cachoeira, https://dmxg5wxfqgb4u.cloudfront.net/styles/event_fight_card_upper_body_of_standing_athlete/s3/2024-01/CACHOEIRA_PRISCILA_R_01-20.png?itok=o9gtFdl7
14, early_prelims, Flyweight Bout , https://dmxg5wxfqgb4u.cloudfront.net/styles/event_fight_card_upper_body_of_standing_athlete/s3/2024-01/GORDON_MALCOLM_L_01-20.png?itok=aunkbezz, Malcolm Gordon, Jimmy Flick, https://dmxg5wxfqgb4u.cloudfront.net/styles/event_fight_card_upper_body_of_standing_athlete/s3/2024-01/FLICK_JIMMY_R_01-20.png?itok=G00S-dQp
15, main_card, Light Heavyweight Bout , https://dmxg5wxfqgb4u.cloudfront.net/styles/event_fight_card_upper_body_of_standing_athlete/s3/2024-01/ANKALAEV_MAGOMED_L_01-13.png?itok=L5OxgjhW, Magomed Ankalaev, Johnny Walker, https://dmxg5wxfqgb4u.cloudfront.net/styles/event_fight_card_upper_body_of_standing_athlete/s3/2023-05/WALKER_JOHNNY_R_05-13.png?itok=lwPddpbn
15, main_card, Lightweight Bout , https://dmxg5wxfqgb4u.cloudfront.net/styles/event_fight_card_upper_body_of_standing_athlete/s3/2024-01/MILLER_JIM_L_01-13.png?itok=cwA3Z5qp, Jim Miller, Gabriel Benitez, https://dmxg5wxfqgb4u.cloudfront.net/styles/event_fight_card_upper_body_of_standing_athlete/s3/2024-01/BENITEZ_GABRIEL_R_01-13.png?itok=fcXSzu9m
15, main_card, Bantamweight Bout , https://dmxg5wxfqgb4u.cloudfront.net/styles/event_fight_card_upper_body_of_standing_athlete/s3/2024-01/SIMON_RICKY_L_01-13.png?itok=gP-o3DGY, Ricky Simon, Mario Bautista, https://dmxg5wxfqgb4u.cloudfront.net/styles/event_fight_card_upper_body_of_standing_athlete/s3/2024-01/BAUTISTA_MARIO_R_01-13.png?itok=3vg6S7Zl
15, main_card, Middleweight Bout , https://dmxg5wxfqgb4u.cloudfront.net/styles/event_fight_card_upper_body_of_standing_athlete/s3/2024-01/HAWES_PHIL_L_01-13.png?itok=yajgkHDP, Phil Hawes, Brunno Ferreira, https://dmxg5wxfqgb4u.cloudfront.net/styles/event_fight_card_upper_body_of_standing_athlete/s3/2024-01/FERREIRA_BRUNNO_R_01-13.png?itok=ETqBeqMk
15, main_card, Heavyweight Bout , https://dmxg5wxfqgb4u.cloudfront.net/styles/event_fight_card_upper_body_of_standing_athlete/s3/2024-01/ARLOVSKI_ANDREI_L_01-13.png?itok=JwjgVzs8, Andrei Arlovski, Waldo Cortes-Acosta, https://dmxg5wxfqgb4u.cloudfront.net/styles/event_fight_card_upper_body_of_standing_athlete/s3/2024-01/CORTES-ACOSTA_WALDO_R_01-13.png?itok=B3EC3DJN
15, prelims, Welterweight Bout , https://dmxg5wxfqgb4u.cloudfront.net/styles/event_fight_card_upper_body_of_standing_athlete/s3/2024-01/SEMELSBERGER_MATTHEW_L_01-13.png?itok=LPaezpuA, Matthew Semelsberger, Preston Parsons, https://dmxg5wxfqgb4u.cloudfront.net/styles/event_fight_card_upper_body_of_standing_athlete/s3/2024-01/PARSONS_PRESTON_R_01-13.png?itok=pcfanbiu
15, prelims, Bantamweight Bout , https://dmxg5wxfqgb4u.cloudfront.net/styles/event_fight_card_upper_body_of_standing_athlete/s3/2024-01/MCGHEE_MARCUS_L_01-13.png?itok=-FDY0hF8, Marcus McGhee, Gaston Bolanos, https://dmxg5wxfqgb4u.cloudfront.net/styles/event_fight_card_upper_body_of_standing_athlete/s3/2024-01/BOLANOS_GASTON_R_01-13.png?itok=R5AB2Uep
15, prelims, Bantamweight Bout , https://dmxg5wxfqgb4u.cloudfront.net/styles/event_fight_card_upper_body_of_standing_athlete/s3/2024-01/BASHARAT_FARID_L_01-13.png?itok=4aN3mTWC, Farid Basharat, Taylor Lapilus, https://dmxg5wxfqgb4u.cloudfront.net/styles/event_fight_card_upper_body_of_standing_athlete/s3/2024-01/LAPILUS_TAYLOR_R_01-13.png?itok=9bMztOnk
15, prelims, Featherweight Bout , https://dmxg5wxfqgb4u.cloudfront.net/styles/event_fight_card_upper_body_of_standing_athlete/s3/2024-01/WILSON_WESTIN_L_01-13.png?itok=KfZzlGIy, Westin Wilson, Jean Silva, https://dmxg5wxfqgb4u.cloudfront.net/styles/event_fight_card_upper_body_of_standing_athlete/s3/2024-01/SILVA_JEAN_R_01-13.png?itok=sNHuFZ-L
15, prelims, Lightweight Bout , https://dmxg5wxfqgb4u.cloudfront.net/styles/event_fight_card_upper_body_of_standing_athlete/s3/2024-01/MOTTA_NIKOLAS_L_01-13.png?itok=FNbaGKJC, Nikolas Motta, Tom Nolan, https://dmxg5wxfqgb4u.cloudfront.net/styles/event_fight_card_upper_body_of_standing_athlete/s3/2024-01/NOLAN_TOM_R_01-13.png?itok=W-Bq30ml
15, prelims, Flyweight Bout , https://dmxg5wxfqgb4u.cloudfront.net/styles/event_fight_card_upper_body_of_standing_athlete/s3/2023-11/VAN_JOSHUA_L_11-11.png?itok=83Tld6sV, Joshua Van, Felipe Bunes, https://dmxg5wxfqgb4u.cloudfront.net/styles/event_fight_card_upper_body_of_standing_athlete/s3/2024-01/BUNES_FELIPE_R_01-13.png?itok=p7DsZ0J2
